"node1","node2"
1,2
1,6
1,9
1,23
1,24
2,3
2,5
2,6
2,7
2,23
3,5
3,6
3,8
3,59
4,5
4,7
4,938
4,941
4,1237
4,1240
5,7
5,8
5,941
5,943
6,9
6,21
6,59
7,23
7,1240
8,55
8,59
8,943
9,21
9,22
9,24
9,67
10,11
10,12
10,13
10,29
11,12
11,13
11,63
11,66
12,17
12,29
12,45
12,47
12,66
13,29
13,30
13,63
13,64
13,1143
14,15
14,38
14,868
14,869
14,870
14,871
14,905
14,908
15,16
15,17
15,38
15,45
15,870
16,17
16,35
16,38
16,39
16,46
17,45
17,46
17,47
18,19
18,21
18,22
18,32
18,41
18,42
19,20
19,22
19,32
20,22
20,32
20,60
20,61
20,70
20,1130
20,1131
21,22
21,42
21,59
22,67
22,68
22,70
23,24
23,26
23,48
23,1233
23,1240
23,1254
24,25
24,26
24,67
25,26
25,50
25,67
25,69
25,73
26,48
26,50
26,53
27,28
27,30
27,31
27,32
27,41
27,1131
28,29
28,30
28,40
28,41
28,47
29,30
29,40
29,47
30,31
30,1123
30,1143
31,33
31,1123
31,1131
31,1133
31,1134
32,41
32,1131
33,1120
33,1123
33,1133
33,1181
33,1185
34,35
34,37
34,39
34,54
34,883
34,884
35,36
35,37
35,38
35,39
36,37
36,38
36,905
36,910
37,884
37,910
37,912
37,916
37,921
38,905
39,46
39,54
39,58
40,41
40,42
40,43
40,47
40,58
41,42
41,43
42,43
42,57
42,58
42,59
44,45
44,65
45,65
45,66
45,870
46,47
46,58
47,58
48,52
48,53
48,1233
49,50
49,51
49,52
49,74
49,2334
49,2338
50,51
50,53
50,72
50,73
50,74
51,52
51,53
52,53
52,1233
52,1262
52,2334
52,2381
54,56
54,57
54,58
54,883
55,56
55,57
55,59
55,943
56,57
56,883
56,887
56,939
56,940
56,943
57,58
57,59
60,61
60,70
60,77
60,1129
60,1130
60,1132
61,1130
62,65
62,869
62,870
62,871
62,1164
62,1669
63,64
63,66
63,1167
63,1168
64,1143
64,1146
64,1167
65,66
65,870
65,1164
65,1168
66,1168
67,68
67,69
68,69
68,70
69,70
69,73
69,77
70,77
71,75
71,76
71,77
71,1115
71,1163
71,2342
71,2343
72,73
72,74
72,76
73,76
73,77
74,76
74,2338
75,77
75,1115
75,1129
76,77
76,2338
76,2342
77,1129
78,79
78,80
78,81
78,83
78,86
78,87
79,82
79,83
79,86
79,88
79,700
80,81
80,87
80,581
80,638
80,639
80,643
81,83
81,567
81,581
82,84
82,86
82,88
82,599
82,602
82,696
83,567
83,700
83,709
84,85
84,86
84,598
84,602
84,605
85,86
85,605
85,640
85,2044
86,87
86,640
87,636
87,639
87,640
87,642
87,2048
88,696
88,700
89,90
89,91
89,93
89,98
89,100
89,101
89,104
89,107
90,93
90,99
90,101
90,110
90,117
91,95
91,98
91,100
91,1922
92,102
92,115
92,1545
92,1547
92,1550
92,1551
92,1895
92,1896
93,99
93,100
94,108
94,110
94,111
94,117
94,2034
95,96
95,98
95,103
95,120
95,1892
95,1922
96,98
96,105
96,109
96,113
96,120
97,114
97,115
97,119
97,926
97,928
97,930
98,104
98,113
99,100
99,110
99,111
99,1921
99,1923
99,1924
99,2010
100,1921
100,1922
101,107
101,117
101,536
101,1960
102,112
102,115
102,119
102,1893
102,1896
103,112
103,120
103,1890
103,1892
103,1893
104,107
104,113
104,529
104,534
104,538
105,106
105,109
105,113
105,118
105,525
105,529
105,535
105,930
106,118
106,930
106,931
107,534
107,536
108,117
108,1961
108,1988
108,1990
108,2034
109,112
109,120
109,930
110,111
110,117
111,2010
111,2012
111,2034
112,119
112,120
112,930
112,1893
113,529
114,115
114,925
114,928
114,960
115,119
115,960
115,966
115,967
115,1550
116,118
116,522
116,1073
116,1076
116,1078
117,1960
117,1961
118,522
118,525
118,929
118,931
118,1078
119,930
121,122
121,123
121,126
122,126
122,128
122,155
123,124
123,125
123,126
124,125
125,126
125,148
125,149
126,127
126,128
126,148
127,128
127,140
127,148
127,177
128,155
128,157
128,159
128,177
129,130
129,132
129,133
129,171
129,172
129,1208
129,1213
129,1215
130,131
130,132
130,172
130,176
131,132
131,134
131,135
131,176
131,184
132,133
132,134
132,314
132,315
133,314
133,317
133,1208
133,1218
134,184
134,185
134,312
134,315
135,158
135,166
135,167
135,176
135,182
135,184
136,137
136,139
136,141
136,1256
136,1258
136,1260
137,139
137,142
137,1196
137,1201
137,1258
137,1278
138,139
138,140
138,143
138,145
138,148
138,150
139,141
139,142
139,143
139,144
139,145
140,143
140,148
140,174
140,177
141,144
141,1256
141,2365
141,2369
141,2380
142,143
142,168
142,169
142,175
142,1196
143,168
143,174
144,145
144,2365
144,2367
145,150
145,151
145,154
145,2367
146,149
146,151
146,152
146,153
146,154
146,2402
147,152
147,153
147,2398
147,2402
148,149
148,150
149,150
149,154
150,154
151,154
151,2362
151,2367
151,2402
152,153
153,2402
155,156
155,157
157,159
157,160
157,163
157,164
157,166
158,163
158,166
158,178
158,180
158,182
159,166
159,167
159,177
160,164
161,163
161,164
161,165
163,164
163,166
163,178
166,167
167,173
167,174
167,176
167,177
168,170
168,174
168,175
169,170
169,171
169,175
169,1193
169,1196
169,1199
170,171
170,172
170,173
170,174
170,175
170,176
171,172
171,1193
171,1215
172,176
173,174
173,176
174,177
175,1196
178,179
178,180
179,180
179,183
180,182
180,183
180,187
181,185
181,186
181,188
182,184
182,187
183,184
183,185
183,186
183,187
184,185
184,187
185,186
185,188
185,272
185,312
188,272
189,191
189,192
189,218
189,221
190,192
190,193
190,194
190,198
190,221
190,242
190,1483
190,1497
191,192
191,193
191,218
191,220
191,260
191,262
191,1391
191,1499
192,193
192,221
192,1497
192,1499
193,1497
194,195
194,196
194,198
194,199
194,221
195,199
195,219
195,221
195,222
195,223
195,226
195,229
196,198
196,199
196,200
196,258
197,200
197,201
197,202
197,205
197,231
197,235
197,258
198,242
198,254
198,255
198,258
199,200
199,201
199,202
199,226
200,201
200,258
201,202
201,203
201,205
201,206
201,224
201,226
201,2006
202,226
203,204
203,206
203,1534
203,2006
204,1502
204,1503
204,1505
204,1534
204,1993
204,2006
205,207
205,231
205,2001
205,2006
206,224
206,228
206,1522
206,1534
206,1536
206,1537
207,231
207,236
207,237
207,2001
208,214
208,216
208,217
208,268
209,210
209,261
210,261
210,263
210,267
210,268
210,1392
211,213
211,215
211,1531
211,2077
212,213
212,215
212,217
212,2089
213,215
213,2077
213,2089
214,216
214,217
214,264
214,1392
214,1393
215,217
215,268
215,1393
215,1528
215,1531
215,1532
215,2089
216,264
216,268
217,268
217,1393
218,219
218,220
218,221
219,220
219,221
219,229
219,1520
220,262
220,1518
220,1519
220,1520
222,223
222,224
222,227
222,228
222,229
223,224
223,226
224,226
224,228
225,228
225,229
225,1520
225,1522
227,228
228,229
228,1522
229,1520
230,232
230,233
230,237
230,238
230,1567
231,235
231,237
232,234
232,238
232,257
232,1567
233,237
233,238
233,1567
233,1570
234,257
234,1554
234,1567
234,1568
235,237
235,238
235,254
235,257
235,258
236,237
236,1928
236,1976
236,2001
237,238
237,1570
237,1928
238,257
239,240
239,241
239,243
239,244
239,1558
240,244
240,245
240,259
240,1480
240,1558
241,243
241,244
241,249
241,251
241,253
241,1602
242,245
242,255
242,1481
242,1483
243,1557
243,1558
243,1560
243,1601
243,1602
244,253
244,1479
244,1480
244,1482
245,255
245,259
245,1480
245,1481
246,247
246,249
246,250
246,251
246,1615
246,1625
247,248
247,250
247,1620
247,1625
247,1627
248,250
248,253
248,1479
248,1482
248,1490
248,1492
248,1627
249,250
249,251
249,252
249,1602
249,1615
249,1617
250,251
250,253
251,253
252,1601
252,1602
252,1611
252,1617
253,1482
254,255
254,257
254,258
255,256
255,257
255,259
256,257
256,259
256,1553
256,1558
257,1553
257,1554
259,1558
260,262
260,263
260,1391
261,263
261,1391
261,1392
262,263
262,1515
262,1518
263,268
263,1391
263,1515
264,265
264,268
264,1392
265,268
265,269
265,1392
266,267
266,268
266,269
266,1516
267,268
267,269
267,1392
267,1516
268,269
268,1515
268,1516
268,1532
269,1392
270,271
270,272
271,272
271,303
271,313
271,329
271,330
272,312
272,313
272,329
273,280
273,283
273,284
273,291
273,293
273,344
274,276
274,278
275,276
275,277
275,297
275,351
275,363
276,277
276,278
276,280
276,281
276,283
276,297
276,301
277,281
277,324
277,325
277,363
277,366
277,367
278,283
278,301
278,368
279,280
279,281
279,284
279,295
279,320
279,324
279,343
280,281
280,283
280,284
281,324
282,283
282,368
283,368
284,291
284,295
285,286
285,287
285,288
285,289
285,290
285,291
285,295
285,318
285,343
286,287
286,288
286,1205
286,1209
287,342
287,343
287,1209
287,1212
288,318
288,319
288,1205
288,1218
289,290
289,291
290,291
290,292
290,293
290,318
290,331
290,333
291,293
291,294
291,295
292,293
292,331
292,333
293,294
293,344
295,343
296,299
296,300
296,346
296,347
296,351
297,299
297,301
297,351
298,301
298,368
299,300
299,301
299,351
300,301
300,347
301,368
301,369
302,305
302,328
302,332
303,304
303,305
303,306
303,313
303,328
303,330
304,305
304,313
304,318
304,333
305,306
305,328
305,332
305,333
306,328
307,308
307,310
307,346
307,349
307,358
308,309
308,310
308,311
308,346
308,454
309,310
309,356
309,358
309,454
309,456
310,358
311,346
311,350
311,450
311,454
311,457
312,313
312,315
313,315
313,316
313,318
313,319
314,315
314,317
315,316
315,317
315,319
317,319
317,1218
318,319
318,333
319,1218
320,324
320,325
320,327
320,343
321,322
321,323
321,326
321,365
321,1088
322,365
322,422
322,1088
323,326
323,1028
323,1030
323,1088
323,1090
324,325
325,326
325,327
325,364
325,366
326,327
326,339
326,364
326,365
326,1030
327,337
327,339
327,342
327,343
328,330
329,330
331,332
331,333
331,334
332,333
335,337
335,338
335,339
335,1029
335,1030
336,337
336,338
336,341
336,1204
336,1212
336,1216
337,338
337,339
337,340
337,341
337,342
338,1029
338,1203
338,1204
339,1030
341,342
341,1212
342,343
342,1212
344,345
346,347
346,349
346,350
346,351
346,352
347,348
347,349
348,349
350,352
350,353
350,450
351,352
351,354
351,363
352,353
352,354
352,361
353,361
353,362
353,449
353,450
354,361
354,363
355,357
355,359
356,357
356,358
356,360
356,384
356,455
356,456
357,360
358,360
361,362
361,363
361,364
361,365
362,365
362,422
362,449
362,453
363,364
363,366
363,367
364,365
364,366
365,422
366,367
368,369
368,370
371,372
371,373
371,375
371,380
371,381
371,410
371,2303
372,373
372,379
372,381
372,391
373,377
373,386
373,391
373,2303
374,375
374,380
374,414
374,419
374,506
374,511
374,514
375,380
375,410
375,414
376,380
376,382
376,510
376,511
376,516
377,2303
378,379
378,391
378,410
378,411
378,440
378,441
378,444
379,381
379,391
379,410
380,382
380,511
380,2303
381,410
382,516
382,2298
382,2300
382,2303
382,2304
383,384
384,446
384,447
384,448
384,455
385,386
385,387
385,388
385,389
385,440
386,388
386,391
386,440
387,389
387,393
387,440
387,442
387,445
388,389
388,390
389,390
389,392
389,393
391,440
392,393
392,448
393,445
393,448
394,395
394,396
394,426
394,428
394,454
394,457
394,458
395,427
395,428
395,438
395,439
395,447
395,458
396,426
396,451
396,452
396,457
397,398
397,400
397,404
397,407
397,421
397,424
397,1089
398,400
398,405
398,406
398,1087
398,1089
399,400
399,401
399,407
400,401
400,403
400,406
400,407
401,403
401,407
401,408
401,435
402,404
402,407
402,408
402,423
402,426
402,434
402,451
403,406
403,409
403,435
403,437
403,1048
403,1058
404,407
404,423
404,424
405,406
405,409
405,1059
405,1067
405,1087
405,1092
405,1095
406,409
407,408
408,434
408,435
409,1058
409,1067
410,411
410,412
410,414
411,412
411,413
411,415
411,441
412,414
412,415
412,418
412,419
413,415
413,420
413,430
413,441
414,419
415,416
415,418
415,420
416,417
416,418
416,420
416,436
416,483
416,504
417,420
417,431
417,436
418,419
418,499
418,504
418,506
418,507
419,506
420,430
420,431
420,432
421,424
421,1088
421,1089
422,423
422,424
422,449
422,1088
423,424
423,449
423,451
423,452
424,1088
425,427
425,430
426,428
426,429
426,434
426,451
427,428
427,429
427,430
427,432
427,438
427,443
428,429
429,432
429,434
430,432
430,441
430,443
431,432
431,433
431,434
431,435
431,436
432,433
432,434
433,434
434,435
435,436
435,437
436,437
436,483
437,483
437,490
437,1048
438,439
438,443
438,444
438,445
439,445
439,446
439,447
440,442
440,444
441,443
441,444
442,444
442,445
443,444
444,445
445,446
445,448
446,447
446,448
447,455
447,458
449,450
449,452
449,453
450,452
450,457
451,452
452,453
452,457
454,456
454,457
454,458
455,456
455,458
456,458
459,461
459,462
459,463
459,464
459,472
459,498
460,463
460,478
460,513
460,515
460,517
461,472
461,473
461,475
461,498
462,463
462,472
462,478
463,464
463,478
463,514
463,517
464,498
464,506
464,514
465,466
465,467
465,468
465,469
465,1959
465,1964
465,2328
465,2333
466,468
466,469
466,470
466,472
467,469
467,471
467,480
467,481
467,2330
467,2333
468,470
468,476
468,477
468,532
468,540
468,1959
469,472
469,478
469,480
470,472
470,475
470,477
471,480
471,481
471,2296
471,2301
471,2324
471,2330
471,2332
472,475
472,478
473,474
473,475
473,477
473,498
473,503
473,505
474,476
474,477
474,501
474,505
474,509
474,540
475,477
476,477
476,540
478,480
478,512
478,513
479,480
479,512
479,516
479,2295
479,2301
480,481
480,512
480,513
480,2301
482,497
482,519
482,520
482,523
482,527
483,490
483,492
483,504
484,488
484,489
484,491
484,500
484,508
485,488
485,494
485,495
485,501
485,509
485,537
486,487
486,489
486,490
486,492
486,493
486,494
486,495
486,496
486,497
487,490
487,496
487,1046
488,489
488,491
488,495
488,501
489,492
489,495
489,508
490,492
490,1046
490,1048
491,500
491,501
491,502
492,504
492,508
493,496
493,497
493,1049
494,495
494,497
494,520
494,537
496,1045
496,1046
496,1049
496,1052
497,520
497,527
497,1049
498,503
498,506
499,500
499,504
499,507
499,508
500,502
500,507
500,508
501,502
501,505
501,509
502,503
502,505
502,507
503,505
503,506
503,507
504,508
506,507
506,514
509,531
509,537
509,540
510,511
510,515
510,516
510,517
511,514
511,517
512,513
512,515
512,516
513,515
514,517
515,516
515,517
516,2295
516,2298
518,521
518,525
518,526
518,530
518,535
519,520
519,522
519,523
519,526
520,521
520,526
520,530
520,537
521,526
521,530
522,523
522,525
522,526
522,1074
522,1076
523,524
523,527
523,1047
523,1052
523,1074
524,527
524,1049
524,1052
525,526
525,535
527,1049
528,536
528,1959
528,1960
528,1964
529,535
529,538
530,531
530,535
530,537
530,538
531,533
531,537
531,538
531,540
532,534
532,536
532,540
532,1959
533,534
533,538
533,540
534,536
534,538
534,540
535,538
536,1959
536,1960
539,540
541,542
541,546
542,546
542,548
542,557
543,544
543,545
543,547
543,554
544,545
544,550
544,552
544,554
544,558
545,547
545,549
545,550
546,547
546,548
546,551
546,554
546,555
547,551
547,554
548,553
548,555
548,557
549,550
550,558
552,554
552,556
552,558
553,554
553,555
553,556
553,557
554,555
554,556
559,562
559,563
559,571
559,575
559,624
559,657
560,566
560,571
560,573
560,578
560,579
560,592
561,570
561,571
562,569
562,571
562,575
562,624
562,630
563,572
563,574
563,575
563,657
563,660
563,662
564,567
564,573
564,577
564,579
564,580
565,568
565,572
565,574
565,654
565,661
565,1782
565,1846
565,1853
566,569
566,571
566,586
566,592
566,593
567,568
567,577
567,580
567,581
567,706
567,709
568,574
568,576
568,580
568,706
568,709
568,1782
569,571
569,593
569,630
570,571
570,576
570,579
570,580
571,575
571,576
571,579
572,574
572,661
572,662
573,577
573,578
573,579
574,575
574,576
575,576
576,580
577,578
577,581
577,638
578,592
578,635
578,638
578,641
579,580
581,638
582,583
582,586
582,587
582,588
582,589
582,590
582,591
582,595
583,591
584,588
584,590
584,594
584,625
584,628
584,1650
585,587
585,589
585,596
585,1642
585,1653
586,591
586,592
586,593
586,595
586,637
587,589
587,591
587,1642
587,2040
587,2043
588,590
588,595
588,625
588,632
588,633
589,590
589,596
590,596
590,625
590,1647
590,1650
591,637
591,2043
592,637
592,641
593,595
593,630
594,628
594,1646
594,1648
594,1650
595,630
595,632
596,1647
596,1653
597,598
597,601
597,602
598,600
598,601
598,602
598,603
598,605
598,1412
599,601
599,602
599,604
599,696
599,698
599,1466
600,603
600,605
600,647
600,673
600,1343
601,602
601,604
601,1409
601,1412
603,1343
603,1412
604,1408
604,1409
604,1410
604,1466
605,606
605,673
605,677
605,2044
607,608
607,610
607,612
607,615
607,617
607,621
608,611
608,615
608,617
608,620
608,622
608,796
609,612
609,613
609,621
609,853
609,1691
609,1694
610,612
610,615
610,619
610,623
611,622
612,613
612,619
612,621
613,618
613,619
613,682
613,1691
613,1693
614,615
615,622
615,623
616,619
616,623
616,685
616,688
617,621
617,796
618,619
618,679
618,682
618,688
618,692
619,623
619,688
620,622
620,796
620,798
620,1769
620,1771
620,1801
621,796
621,799
621,853
621,856
622,623
622,691
622,694
622,1801
623,685
623,691
624,630
624,631
624,657
624,659
625,628
625,633
626,628
626,634
626,684
626,689
626,1646
626,1654
626,1655
627,629
627,631
627,633
627,634
628,633
628,634
628,1646
629,631
629,634
629,659
629,684
629,687
629,695
630,631
630,632
631,632
631,633
631,659
632,633
633,634
634,684
635,638
635,639
635,641
635,643
635,2043
635,2048
635,2049
636,640
636,642
637,641
637,2043
638,639
638,643
639,643
639,2048
640,642
640,2038
640,2044
641,2043
642,2038
642,2048
644,645
644,646
644,669
644,670
644,671
645,646
645,647
645,648
645,1364
646,647
646,671
646,672
647,672
647,673
647,1343
647,1362
647,1364
648,1364
649,653
649,655
649,660
649,662
649,665
649,666
650,663
650,664
650,665
650,678
650,681
651,652
651,654
651,655
651,656
651,658
651,663
651,666
652,656
652,663
652,664
652,1798
652,1857
652,1859
653,657
653,659
653,660
653,665
653,687
654,656
654,661
654,662
654,666
654,1853
655,658
655,663
655,665
655,666
656,1853
656,1859
657,659
657,660
658,666
659,687
660,662
661,662
661,666
662,666
663,664
663,665
664,681
664,686
664,1798
665,678
665,687
667,668
667,670
667,674
667,675
667,2042
667,2045
668,671
668,673
668,675
668,676
668,677
668,2045
669,670
670,671
670,674
670,675
671,672
671,673
671,675
672,673
673,677
676,677
676,2038
676,2044
676,2045
677,2044
678,681
678,683
678,687
679,680
679,684
679,688
679,692
680,683
680,684
680,687
680,688
680,690
680,695
681,683
681,686
682,689
682,692
682,1655
682,1693
683,686
683,687
683,690
684,689
684,692
684,695
685,688
685,690
685,691
685,694
686,690
686,694
686,1798
687,695
688,690
689,692
689,1655
690,694
691,693
691,694
693,694
694,1791
694,1798
694,1801
696,697
696,698
696,700
696,704
697,698
697,704
697,707
697,708
698,701
698,707
698,1466
698,1469
698,1472
699,702
699,703
699,704
699,705
699,1459
699,1783
700,704
700,709
701,707
701,1451
701,1457
701,1472
702,703
702,707
702,1457
702,1459
702,1783
703,704
703,707
703,708
704,705
704,706
704,708
704,709
705,706
705,1780
705,1783
705,1784
706,709
706,1780
706,1782
707,708
707,1457
710,711
710,712
710,713
710,714
710,780
711,712
711,713
711,770
711,771
711,1285
712,763
712,770
712,772
712,780
712,783
712,785
713,714
713,728
713,789
713,1282
713,1285
713,1313
713,1314
713,1315
714,780
714,789
715,718
715,719
715,739
715,740
715,1430
716,717
716,718
716,719
716,1426
716,1430
717,718
717,1424
717,1426
718,719
719,1430
720,722
720,724
720,725
720,727
720,728
720,730
721,722
721,725
721,726
721,784
721,786
722,723
722,725
722,726
722,727
722,729
722,731
723,727
723,729
723,731
723,732
723,756
723,757
724,725
724,728
724,789
725,782
725,786
725,789
726,729
726,784
727,730
727,731
727,756
728,730
728,789
728,1297
728,1313
729,732
729,784
729,792
730,756
730,1297
730,1299
730,1302
730,1324
731,756
732,746
732,747
732,748
732,749
732,757
732,773
732,792
732,794
733,734
733,735
733,749
733,791
733,794
734,735
734,749
734,794
735,736
735,746
735,749
735,791
736,744
736,746
736,750
737,738
737,743
737,762
737,765
737,781
737,787
738,740
738,741
738,742
738,743
738,765
738,766
738,768
739,740
739,741
740,741
740,768
740,1429
740,1430
741,743
742,768
743,787
743,791
743,793
743,794
744,746
744,750
744,775
744,776
744,777
744,779
745,750
745,777
746,747
746,748
746,749
746,776
747,773
747,776
747,778
748,749
749,794
750,777
751,754
751,775
751,777
752,753
752,754
752,757
752,759
752,773
752,774
753,757
753,759
754,774
754,775
755,759
755,761
755,1326
755,1329
756,757
756,758
756,760
756,1324
757,758
757,759
757,773
758,759
758,760
759,760
759,1329
760,1324
760,1329
762,765
762,766
762,772
762,781
762,783
763,764
763,768
763,770
763,772
764,767
764,768
764,769
764,770
764,1421
764,1422
764,1429
765,766
766,768
766,772
767,769
767,770
767,771
767,1422
767,1476
768,772
768,1429
769,1422
770,771
771,1285
771,1476
772,783
773,774
773,775
773,778
774,775
775,777
775,778
775,779
776,778
776,779
778,779
780,782
780,785
780,789
781,783
781,785
781,786
781,787
781,788
782,785
782,786
782,788
782,789
783,785
784,786
784,787
784,790
784,792
785,788
786,787
786,788
787,788
787,790
787,794
790,792
790,794
791,793
791,794
792,794
793,794
795,796
795,801
796,798
796,799
796,800
796,801
797,799
797,803
797,855
797,873
797,874
797,880
798,801
798,802
798,876
798,877
798,1768
798,1771
799,800
799,803
799,854
799,855
799,856
800,801
800,803
801,802
801,803
802,803
802,877
803,877
803,880
804,805
804,807
804,808
804,809
804,810
804,1787
805,809
805,810
805,875
805,876
805,1787
805,1788
806,807
806,808
806,811
806,825
806,899
807,808
807,811
807,1787
808,809
808,899
808,901
809,875
809,881
809,901
809,903
810,1787
811,825
811,828
811,1787
811,1790
811,1871
812,813
812,814
812,815
812,816
812,817
812,874
812,904
813,874
813,881
813,904
814,815
814,864
814,873
814,874
814,1662
814,1665
815,816
815,864
815,867
815,911
816,817
816,906
816,911
817,892
817,896
817,902
817,904
817,906
818,821
818,893
818,895
818,896
818,913
819,821
819,922
820,821
820,850
820,851
820,893
820,922
821,893
821,909
821,913
821,919
821,922
822,823
822,827
822,843
822,859
823,827
823,831
823,858
823,859
823,860
823,862
824,825
824,828
824,829
824,830
824,831
825,828
825,829
825,899
826,827
826,830
826,847
826,848
827,830
827,831
827,836
827,837
827,843
827,848
828,831
828,860
828,863
828,1871
829,830
829,898
829,899
830,831
830,847
830,898
831,860
831,863
832,835
832,837
832,841
832,842
832,844
832,962
832,978
832,981
833,835
833,836
833,838
833,848
833,850
833,851
833,915
834,835
835,836
835,838
835,839
835,842
835,844
836,837
836,844
836,848
837,841
837,843
837,844
838,839
838,915
839,840
839,842
839,915
839,981
839,983
840,890
840,915
840,917
840,968
840,983
841,843
841,962
841,964
841,1576
842,981
843,859
843,1576
845,846
845,847
845,848
845,849
846,847
846,849
846,893
846,897
847,848
847,897
847,898
848,849
848,851
849,851
849,893
850,851
850,915
850,920
850,922
851,893
852,855
852,857
852,1667
852,1670
852,1694
852,1695
853,856
853,1694
854,855
854,856
855,856
855,873
855,1665
855,1666
855,1667
855,1694
856,1694
857,1670
857,1680
857,1695
857,1716
858,859
858,862
858,1575
858,1592
858,1864
858,1865
859,1574
859,1575
859,1576
860,862
860,863
860,1864
860,1868
860,1871
861,862
861,1864
862,1864
864,865
864,867
864,868
864,1662
865,867
865,868
865,872
866,868
867,872
867,911
868,871
868,872
868,908
868,1662
868,1669
869,870
869,871
871,1662
871,1669
872,908
872,911
873,874
873,1665
874,880
874,881
875,876
875,879
875,881
876,877
876,878
876,879
876,1768
876,1788
877,878
877,879
877,880
878,879
879,880
879,881
880,881
881,903
881,904
882,885
882,886
882,887
882,888
882,891
883,884
883,885
883,887
884,885
884,891
884,921
885,887
885,891
886,888
886,890
886,891
886,923
886,992
887,888
887,940
888,936
888,940
888,992
889,890
890,917
890,923
890,968
890,969
890,992
891,921
891,923
892,895
892,896
892,897
892,902
893,895
893,897
894,895
895,896
895,897
896,906
896,913
897,898
897,900
897,902
898,899
898,900
899,900
899,901
900,901
900,902
900,903
901,903
902,903
902,904
903,904
905,907
905,908
905,910
906,911
906,913
907,908
907,909
907,910
907,911
907,912
907,913
907,914
908,911
909,912
909,913
909,914
909,919
910,912
911,913
912,916
912,919
913,914
915,917
915,920
916,918
916,919
916,921
916,923
917,918
917,920
917,923
917,924
918,919
918,920
918,923
918,924
919,920
919,922
920,922
920,924
921,923
925,927
925,928
925,960
925,998
925,1000
925,1001
925,1007
926,927
926,928
926,930
926,931
926,932
927,928
927,932
927,1000
927,1014
927,1106
929,931
929,932
929,1078
930,931
931,932
932,1078
932,1106
933,934
933,937
933,942
933,944
933,945
933,973
933,974
933,975
934,937
934,942
935,938
935,941
935,946
935,1239
935,1241
936,940
936,972
936,975
936,992
937,939
937,940
937,942
937,975
938,941
938,1237
938,1238
938,1239
939,940
939,942
939,943
940,975
941,942
941,943
941,944
941,945
941,946
942,943
942,945
944,945
944,946
944,973
944,989
946,988
946,989
946,1241
946,1242
947,949
947,950
947,979
947,982
947,999
947,1005
948,950
948,968
948,970
948,991
948,996
949,950
949,956
949,959
949,970
949,999
950,968
950,970
950,982
951,953
951,955
951,956
951,957
951,958
951,1008
951,1013
952,954
952,971
952,985
952,986
952,990
952,1098
952,1102
953,954
953,955
953,956
953,957
953,959
954,957
954,959
954,990
954,1097
954,1102
955,956
956,958
956,959
956,999
956,1006
957,1008
957,1082
957,1097
958,1000
958,1003
958,1006
958,1013
958,1014
959,970
959,990
960,961
960,966
960,976
960,1001
961,962
961,963
961,964
961,966
961,976
961,977
962,963
962,964
962,977
962,978
963,964
964,965
964,966
964,1543
964,1576
965,1543
965,1549
965,1576
965,1578
965,1580
966,967
966,1543
966,1547
966,1549
967,1547
967,1549
967,1550
968,969
968,982
968,983
968,991
969,991
969,992
969,994
970,990
970,993
970,996
971,973
971,974
971,985
971,990
971,993
972,974
972,975
972,992
972,994
972,995
973,974
973,985
973,989
974,975
974,993
974,995
976,977
976,979
976,1001
976,1004
976,1005
977,978
977,979
977,981
978,981
979,981
979,982
979,1005
980,981
981,982
981,983
982,983
984,986
984,987
984,988
984,989
984,1098
984,1244
985,986
985,989
986,989
986,1098
987,1098
987,1100
987,1103
987,1244
988,989
988,1242
988,1244
990,993
991,994
991,996
991,997
992,994
993,995
993,996
993,997
994,995
994,997
995,997
996,997
998,1000
998,1002
998,1003
998,1004
998,1007
999,1004
999,1005
999,1006
1000,1003
1000,1014
1001,1004
1001,1007
1002,1003
1002,1004
1003,1004
1003,1006
1004,1005
1004,1006
1004,1007
1008,1009
1008,1010
1008,1011
1008,1013
1008,1082
1009,1010
1009,1011
1009,1012
1009,1015
1009,1016
1009,1081
1009,1082
1009,1083
1010,1082
1010,1083
1010,1084
1010,1086
1011,1012
1011,1013
1012,1013
1012,1014
1012,1015
1013,1014
1014,1015
1014,1104
1014,1106
1015,1051
1015,1081
1015,1104
1015,1105
1017,1018
1017,1021
1018,1019
1018,1021
1018,1070
1018,1071
1018,1099
1018,1100
1018,1111
1019,1100
1019,1108
1019,1111
1019,1112
1019,1253
1019,1273
1019,1274
1019,1275
1020,1021
1020,1054
1020,1069
1020,1071
1020,1072
1020,1081
1020,1083
1020,1085
1021,1071
1021,1085
1021,1099
1021,1101
1022,1031
1022,1032
1022,1034
1022,1035
1022,1039
1022,1107
1022,1109
1022,1110
1023,1024
1023,1026
1023,1028
1023,1030
1023,1031
1023,1032
1025,1029
1025,1032
1025,1109
1025,1203
1025,1214
1025,1226
1026,1027
1026,1028
1026,1031
1026,1033
1026,1039
1026,1094
1026,1096
1027,1028
1027,1090
1027,1093
1027,1096
1028,1030
1028,1090
1029,1030
1029,1032
1029,1203
1030,1032
1031,1032
1031,1039
1031,1109
1032,1109
1033,1035
1033,1039
1033,1040
1033,1094
1034,1035
1034,1036
1034,1071
1034,1110
1034,1112
1035,1036
1035,1037
1035,1038
1035,1039
1035,1040
1036,1037
1036,1038
1036,1056
1036,1071
1037,1038
1038,1040
1038,1056
1038,1062
1040,1059
1040,1062
1040,1064
1040,1091
1040,1094
1041,1044
1041,1047
1041,1050
1041,1051
1041,1079
1042,1043
1042,1044
1042,1045
1042,1050
1042,1052
1042,1060
1042,1065
1043,1045
1044,1047
1044,1050
1044,1052
1045,1046
1045,1052
1045,1065
1046,1048
1046,1065
1047,1052
1047,1074
1047,1079
1048,1058
1048,1065
1049,1052
1050,1051
1050,1057
1050,1060
1050,1061
1050,1081
1051,1075
1051,1079
1051,1080
1051,1081
1051,1105
1053,1054
1053,1057
1053,1068
1054,1055
1054,1056
1054,1057
1054,1062
1054,1068
1054,1072
1054,1081
1055,1072
1056,1062
1056,1071
1056,1072
1057,1061
1057,1068
1057,1081
1058,1065
1058,1066
1058,1067
1059,1064
1059,1067
1059,1091
1059,1092
1060,1061
1060,1065
1060,1066
1061,1064
1061,1066
1061,1068
1062,1063
1062,1064
1062,1068
1063,1064
1063,1068
1064,1066
1064,1067
1064,1068
1065,1066
1066,1067
1069,1071
1069,1072
1070,1071
1070,1111
1070,1112
1071,1072
1071,1112
1073,1075
1073,1076
1073,1077
1073,1078
1073,1080
1074,1076
1074,1077
1074,1079
1075,1077
1075,1079
1075,1080
1076,1077
1077,1079
1078,1080
1078,1106
1080,1105
1080,1106
1081,1083
1082,1086
1082,1097
1082,1103
1083,1084
1083,1085
1084,1085
1084,1086
1085,1086
1085,1101
1086,1101
1086,1103
1087,1088
1087,1089
1087,1093
1087,1095
1088,1089
1088,1090
1088,1093
1090,1093
1091,1092
1091,1094
1092,1094
1092,1095
1093,1094
1093,1095
1093,1096
1094,1095
1094,1096
1097,1102
1097,1103
1098,1102
1098,1103
1099,1100
1099,1101
1099,1103
1100,1103
1100,1244
1100,1273
1101,1103
1102,1103
1104,1105
1104,1106
1105,1106
1107,1109
1107,1110
1107,1225
1107,1232
1107,1252
1108,1110
1108,1112
1108,1253
1109,1223
1109,1225
1109,1226
1110,1112
1110,1252
1110,1253
1111,1112
1113,1116
1114,1115
1114,1116
1114,1163
1114,1186
1114,1187
1114,1188
1115,1129
1115,1132
1115,1163
1115,1188
1116,1155
1116,1156
1116,1159
1116,1161
1116,1162
1116,1163
1116,1187
1116,1189
1117,1118
1117,1119
1117,1120
1117,1122
1117,1123
1117,1143
1117,1180
1118,1119
1118,1121
1118,1122
1118,1174
1118,1175
1118,1180
1119,1121
1119,1122
1119,1142
1119,1143
1119,1144
1120,1123
1120,1180
1120,1181
1121,1126
1121,1142
1121,1171
1121,1174
1121,1177
1123,1143
1124,1125
1124,1127
1124,1128
1124,1142
1124,1169
1124,1699
1124,1703
1125,1128
1125,1698
1125,1699
1125,1714
1126,1127
1126,1142
1126,1177
1127,1128
1127,1142
1127,1177
1129,1132
1130,1131
1130,1132
1130,1134
1130,1188
1131,1134
1132,1188
1133,1134
1133,1185
1134,1185
1134,1186
1134,1188
1135,1139
1135,1140
1135,1154
1135,1156
1135,1173
1136,1138
1136,1141
1137,1141
1137,1149
1139,1140
1139,1141
1139,1173
1140,1141
1140,1149
1140,1155
1140,1156
1141,1147
1141,1149
1141,1151
1142,1144
1142,1146
1142,1169
1143,1144
1143,1146
1144,1146
1145,1146
1146,1166
1146,1167
1146,1169
1147,1148
1147,1149
1147,1151
1147,1153
1147,1159
1147,1162
1148,1150
1148,1151
1148,1152
1148,1153
1148,1757
1148,1762
1149,1155
1149,1159
1150,1153
1151,1754
1151,1757
1152,1153
1152,1762
1152,2345
1152,2348
1152,2351
1152,2352
1153,1162
1153,1163
1153,2343
1153,2345
1154,1156
1154,1157
1154,1158
1154,1173
1154,1183
1155,1156
1155,1159
1156,1159
1156,1183
1156,1189
1157,1183
1158,1172
1158,1173
1158,1178
1158,1180
1158,1181
1158,1183
1159,1162
1160,1161
1161,1162
1161,1163
1162,1163
1163,2343
1164,1165
1164,1168
1164,1669
1164,1679
1164,1686
1165,1168
1165,1683
1165,1686
1166,1167
1166,1168
1166,1169
1166,1696
1166,1703
1166,1747
1167,1168
1168,1170
1168,1683
1168,1747
1169,1703
1171,1174
1171,1176
1171,1177
1172,1173
1172,1176
1172,1178
1174,1175
1174,1176
1175,1176
1175,1178
1175,1179
1175,1180
1176,1178
1176,1179
1178,1179
1178,1180
1180,1181
1181,1182
1181,1183
1181,1185
1182,1183
1182,1184
1182,1185
1182,1186
1182,1189
1182,1190
1183,1184
1183,1189
1185,1186
1186,1187
1186,1188
1186,1189
1186,1190
1187,1189
1191,1195
1191,1197
1191,1200
1191,1268
1192,1194
1192,1197
1192,1247
1192,1264
1192,1280
1193,1199
1193,1211
1193,1215
1194,1197
1194,1198
1194,1201
1194,1278
1194,1280
1195,1200
1195,1211
1195,1230
1195,1231
1195,1268
1196,1198
1196,1199
1196,1201
1197,1198
1197,1200
1197,1247
1197,1268
1198,1199
1198,1200
1198,1201
1199,1200
1199,1211
1200,1211
1201,1278
1202,1205
1202,1206
1202,1208
1202,1216
1202,1218
1202,1219
1203,1204
1203,1210
1203,1214
1204,1210
1204,1216
1205,1209
1205,1216
1205,1218
1206,1207
1206,1210
1206,1216
1206,1217
1206,1219
1206,1228
1207,1210
1208,1213
1208,1218
1208,1219
1209,1212
1209,1216
1210,1214
1210,1216
1210,1226
1210,1228
1211,1213
1211,1215
1211,1217
1211,1219
1211,1231
1212,1216
1213,1215
1213,1219
1214,1226
1217,1219
1217,1221
1217,1227
1217,1228
1217,1231
1220,1221
1220,1232
1220,1252
1220,1253
1220,1266
1220,1275
1221,1222
1221,1224
1221,1227
1221,1229
1221,1231
1221,1232
1221,1266
1221,1267
1222,1224
1223,1225
1223,1226
1223,1227
1223,1232
1224,1229
1224,1231
1225,1232
1226,1227
1226,1228
1227,1228
1227,1232
1229,1230
1229,1231
1229,1267
1230,1231
1230,1267
1230,1268
1230,1277
1232,1252
1233,1234
1233,1254
1233,1262
1234,1254
1234,1255
1234,1261
1234,1262
1234,1263
1235,1239
1235,1241
1235,1242
1235,1243
1235,1245
1236,1237
1236,1238
1236,1240
1236,1243
1236,1245
1236,1251
1236,1254
1236,1264
1237,1238
1237,1240
1237,1243
1238,1239
1238,1243
1239,1241
1239,1243
1240,1254
1241,1242
1242,1244
1242,1245
1242,1271
1243,1245
1244,1269
1244,1271
1244,1273
1244,1276
1245,1246
1245,1248
1245,1251
1245,1271
1246,1248
1246,1250
1246,1269
1246,1270
1246,1271
1247,1249
1247,1264
1247,1268
1248,1249
1248,1250
1248,1251
1249,1250
1249,1251
1249,1264
1249,1268
1250,1268
1250,1270
1251,1254
1251,1264
1252,1253
1253,1275
1254,1261
1254,1264
1255,1257
1255,1260
1255,1262
1255,1263
1255,1265
1255,2381
1256,1260
1256,1265
1256,2380
1257,1258
1257,1260
1257,1263
1258,1260
1258,1263
1258,1278
1259,1260
1260,1265
1261,1263
1261,1264
1261,1278
1261,1280
1262,2381
1263,1278
1264,1280
1265,2379
1265,2380
1265,2381
1266,1267
1266,1272
1266,1275
1267,1270
1267,1272
1267,1277
1268,1270
1268,1277
1269,1270
1269,1271
1269,1273
1269,1276
1270,1272
1270,1276
1270,1277
1272,1274
1272,1275
1272,1276
1273,1274
1273,1276
1274,1275
1274,1276
1278,1279
1278,1280
1279,1280
1281,1283
1281,1285
1281,1474
1282,1283
1282,1284
1282,1285
1282,1314
1282,1315
1283,1284
1283,1285
1283,1474
1283,1475
1283,1477
1283,1478
1284,1312
1284,1314
1284,1443
1284,1475
1285,1474
1285,1476
1286,1289
1286,1291
1286,1317
1286,1319
1286,1320
1286,1322
1287,1288
1287,1291
1288,1289
1288,1290
1288,1291
1288,1298
1288,1323
1288,1324
1289,1290
1289,1291
1289,1320
1290,1298
1290,1318
1290,1320
1292,1293
1292,1294
1292,1295
1292,1296
1292,1307
1292,1311
1293,1294
1293,1295
1293,1297
1293,1302
1293,1313
1294,1296
1294,1302
1294,1303
1295,1307
1295,1312
1295,1313
1295,1315
1296,1301
1296,1303
1296,1311
1297,1302
1297,1313
1298,1299
1298,1301
1298,1303
1298,1318
1298,1324
1299,1300
1299,1302
1299,1303
1299,1324
1300,1303
1301,1303
1301,1304
1301,1311
1301,1318
1301,1321
1302,1303
1304,1305
1304,1311
1304,1321
1304,1356
1304,1388
1305,1306
1305,1308
1305,1311
1305,1388
1307,1308
1307,1309
1307,1311
1307,1312
1308,1309
1308,1310
1308,1311
1308,1382
1308,1384
1308,1388
1309,1312
1309,1382
1309,1442
1309,1443
1310,1382
1311,1388
1312,1314
1312,1315
1312,1443
1313,1314
1313,1315
1314,1315
1316,1317
1316,1319
1316,1322
1317,1322
1318,1320
1318,1321
1319,1322
1319,1337
1319,1354
1320,1321
1320,1322
1320,1356
1320,1358
1321,1356
1322,1337
1322,1358
1323,1324
1323,1325
1323,1327
1324,1327
1324,1329
1325,1327
1326,1328
1326,1329
1327,1328
1327,1329
1327,1330
1328,1329
1331,1332
1331,1372
1332,1333
1332,1334
1332,1372
1332,1373
1332,1375
1332,1390
1333,1366
1333,1367
1333,1372
1333,1375
1333,1378
1334,1350
1334,1352
1334,1353
1334,1372
1334,1383
1334,1390
1335,1336
1335,1337
1335,1353
1335,1354
1335,1357
1335,1358
1335,1372
1336,1357
1336,1371
1336,1372
1336,1380
1337,1354
1337,1358
1338,1340
1338,1359
1338,1368
1338,1370
1338,1404
1338,1448
1339,1340
1340,1341
1340,1342
1340,1362
1340,1363
1340,1368
1340,1404
1341,1342
1341,1343
1341,1362
1342,1343
1342,1404
1342,1408
1342,1409
1342,1412
1343,1362
1343,1412
1345,1346
1345,1347
1346,1349
1348,1349
1348,1383
1349,1350
1349,1383
1350,1352
1350,1383
1351,1352
1351,1353
1351,1354
1352,1353
1353,1354
1353,1372
1355,1357
1355,1380
1355,1387
1356,1357
1356,1358
1356,1384
1356,1387
1356,1388
1357,1358
1357,1380
1357,1387
1359,1360
1359,1361
1359,1366
1359,1367
1359,1370
1359,1381
1359,1445
1359,1448
1361,1367
1361,1376
1361,1377
1361,1381
1361,1442
1361,1445
1362,1363
1362,1364
1362,1365
1363,1365
1363,1368
1363,1369
1364,1365
1366,1367
1366,1368
1366,1370
1366,1375
1367,1378
1367,1381
1368,1369
1368,1370
1368,1375
1371,1372
1371,1378
1371,1380
1372,1378
1373,1375
1373,1389
1373,1390
1374,1375
1376,1377
1376,1380
1376,1381
1376,1382
1376,1384
1376,1385
1376,1387
1377,1382
1377,1442
1378,1380
1378,1381
1379,1380
1380,1381
1380,1387
1382,1384
1382,1442
1383,1389
1383,1390
1384,1387
1384,1388
1385,1387
1386,1387
1389,1390
1391,1392
1391,1397
1391,1400
1391,1440
1391,1461
1391,1484
1391,1485
1391,1486
1391,1487
1391,1489
1391,1493
1391,1495
1391,1496
1391,1498
1391,1499
1392,1393
1394,1396
1394,1401
1394,1418
1394,1434
1395,1396
1395,1402
1395,1420
1395,1458
1396,1401
1396,1402
1396,1418
1396,1420
1397,1398
1397,1400
1397,1437
1397,1440
1398,1399
1398,1400
1398,1402
1398,1437
1399,1402
1399,1403
1399,1437
1400,1402
1401,1402
1401,1403
1401,1434
1401,1437
1402,1403
1403,1437
1404,1408
1404,1413
1404,1448
1405,1406
1405,1407
1405,1413
1405,1446
1405,1447
1405,1473
1406,1407
1406,1473
1407,1411
1407,1413
1407,1473
1408,1409
1408,1410
1408,1413
1409,1412
1410,1411
1410,1413
1410,1462
1410,1466
1410,1469
1410,1473
1411,1413
1411,1473
1413,1447
1413,1448
1414,1415
1414,1419
1414,1420
1414,1453
1414,1460
1415,1416
1415,1417
1415,1419
1415,1453
1415,1833
1415,1837
1416,1417
1416,1438
1416,1833
1416,1837
1416,1851
1417,1418
1417,1419
1417,1438
1418,1419
1418,1420
1418,1434
1418,1438
1419,1420
1420,1458
1420,1460
1421,1422
1421,1429
1421,1430
1421,1433
1422,1425
1422,1433
1422,1474
1422,1476
1423,1424
1423,1425
1423,1427
1423,1431
1423,1433
1424,1426
1424,1433
1425,1427
1425,1431
1425,1433
1425,1474
1426,1430
1426,1433
1427,1433
1428,1431
1428,1432
1429,1430
1430,1433
1431,1432
1431,1474
1434,1435
1434,1437
1434,1438
1435,1436
1435,1437
1435,1438
1436,1437
1436,1438
1436,1441
1436,1628
1436,1634
1437,1440
1437,1441
1438,1628
1438,1847
1438,1851
1439,1440
1439,1441
1439,1488
1439,1492
1439,1494
1439,1627
1439,1631
1440,1441
1440,1461
1440,1484
1440,1486
1440,1488
1441,1629
1441,1631
1441,1634
1441,1637
1442,1443
1442,1445
1442,1447
1442,1449
1443,1446
1443,1447
1443,1449
1443,1475
1444,1446
1444,1465
1444,1475
1445,1447
1445,1448
1446,1447
1446,1465
1446,1473
1446,1475
1447,1448
1447,1449
1450,1453
1450,1455
1450,1459
1450,1460
1450,1778
1450,1784
1451,1457
1451,1464
1451,1468
1451,1472
1452,1455
1453,1460
1453,1778
1453,1785
1453,1837
1454,1455
1454,1456
1454,1457
1454,1458
1454,1459
1454,1460
1454,1471
1455,1459
1455,1460
1456,1458
1456,1460
1457,1459
1457,1464
1457,1471
1458,1460
1458,1471
1459,1783
1459,1784
1461,1486
1462,1463
1462,1465
1462,1469
1462,1473
1463,1465
1463,1469
1463,1470
1464,1468
1464,1471
1465,1473
1465,1474
1465,1475
1466,1469
1467,1470
1467,1471
1468,1469
1468,1470
1468,1471
1468,1472
1469,1470
1469,1472
1470,1471
1474,1475
1474,1476
1474,1477
1474,1478
1475,1477
1479,1480
1479,1481
1479,1482
1479,1483
1479,1490
1479,1497
1480,1481
1481,1483
1483,1497
1484,1485
1484,1486
1484,1487
1484,1488
1485,1487
1485,1488
1485,1493
1488,1493
1488,1494
1488,1495
1489,1491
1489,1494
1489,1496
1489,1498
1490,1491
1490,1492
1490,1494
1490,1497
1490,1498
1490,1499
1491,1494
1491,1498
1492,1494
1492,1627
1493,1495
1494,1495
1494,1496
1495,1496
1497,1499
1498,1499
1500,1501
1500,1503
1500,1915
1500,1993
1500,2005
1501,1502
1501,1503
1501,1504
1501,1505
1501,1909
1501,1915
1501,1916
1502,1503
1502,1505
1503,1993
1504,1505
1504,1506
1504,1509
1504,1527
1504,1529
1504,1916
1505,1526
1505,1527
1505,1534
1506,1509
1506,1510
1506,1916
1507,1511
1507,1512
1507,2156
1507,2161
1507,2163
1508,1510
1508,1511
1508,2139
1508,2141
1508,2144
1508,2145
1509,1510
1509,1512
1509,1529
1509,1530
1510,1511
1510,1512
1510,1916
1510,2141
1511,1512
1511,2139
1511,2157
1511,2161
1512,1530
1512,1531
1512,2077
1512,2163
1513,1514
1513,1516
1513,1523
1513,1532
1514,1516
1514,1523
1514,1538
1514,1539
1514,1540
1515,1516
1515,1518
1515,1538
1516,1532
1516,1538
1517,1519
1517,1520
1517,1521
1517,1522
1517,1524
1517,1535
1517,1540
1518,1519
1518,1521
1518,1538
1518,1541
1519,1520
1519,1521
1520,1522
1521,1540
1521,1541
1522,1535
1522,1536
1523,1524
1523,1525
1523,1527
1523,1529
1523,1532
1523,1533
1523,1539
1524,1525
1524,1535
1524,1536
1524,1537
1524,1539
1524,1540
1525,1526
1525,1527
1525,1536
1525,1537
1526,1527
1526,1534
1526,1537
1527,1529
1528,1529
1528,1531
1528,1532
1528,1533
1529,1530
1529,1531
1529,1533
1530,1531
1531,2077
1532,1533
1534,1537
1535,1536
1536,1537
1538,1540
1538,1541
1539,1540
1540,1541
1542,1544
1542,1545
1542,1546
1542,1547
1542,1549
1542,1551
1542,1580
1543,1549
1544,1546
1544,1548
1544,1551
1544,1571
1544,1573
1545,1547
1545,1551
1546,1548
1546,1564
1546,1579
1546,1580
1546,1594
1546,1596
1546,1600
1547,1549
1547,1550
1548,1564
1548,1571
1548,1572
1549,1580
1551,1571
1551,1573
1551,1895
1552,1553
1552,1554
1552,1562
1553,1554
1553,1555
1553,1558
1553,1560
1553,1561
1553,1562
1554,1562
1554,1566
1554,1568
1555,1557
1555,1560
1555,1561
1556,1557
1556,1559
1556,1561
1556,1600
1556,1606
1556,1608
1557,1560
1557,1561
1557,1601
1557,1606
1557,1613
1558,1560
1559,1561
1559,1562
1559,1600
1561,1562
1562,1564
1562,1566
1562,1572
1562,1600
1563,1565
1563,1566
1563,1569
1563,1571
1563,1572
1564,1572
1564,1600
1565,1566
1565,1568
1565,1569
1566,1568
1566,1572
1567,1568
1567,1570
1568,1569
1568,1570
1569,1570
1569,1571
1569,1874
1569,1876
1569,1930
1570,1926
1570,1928
1570,1930
1571,1572
1571,1573
1571,1876
1573,1876
1573,1895
1574,1575
1574,1576
1574,1577
1574,1578
1575,1577
1575,1589
1575,1590
1575,1592
1575,1597
1576,1578
1577,1578
1577,1579
1577,1597
1578,1579
1578,1580
1579,1580
1579,1594
1579,1597
1581,1582
1581,1583
1581,1586
1581,1591
1581,1611
1581,1612
1581,1617
1582,1583
1582,1617
1582,1619
1583,1584
1583,1591
1583,1618
1583,1619
1584,1585
1584,1588
1584,1591
1584,1618
1585,1588
1585,1589
1585,1590
1585,1591
1585,1592
1585,1593
1585,1865
1585,1870
1586,1591
1586,1593
1586,1598
1586,1607
1586,1612
1587,1588
1587,1618
1587,1624
1587,1815
1587,1860
1587,1866
1588,1618
1588,1863
1588,1866
1588,1870
1589,1590
1589,1593
1589,1597
1590,1592
1591,1593
1592,1865
1593,1597
1593,1598
1594,1596
1594,1597
1594,1599
1594,1609
1595,1598
1595,1599
1595,1604
1595,1607
1595,1609
1596,1600
1596,1609
1596,1610
1597,1598
1597,1599
1598,1599
1598,1607
1599,1609
1600,1608
1600,1610
1601,1602
1601,1603
1601,1611
1601,1613
1603,1604
1603,1605
1603,1607
1603,1611
1603,1612
1603,1613
1604,1605
1604,1607
1604,1609
1605,1606
1605,1609
1605,1610
1605,1613
1606,1608
1606,1610
1606,1613
1607,1612
1608,1610
1609,1610
1611,1612
1611,1617
1614,1616
1614,1621
1614,1625
1614,1626
1614,1631
1615,1616
1615,1617
1615,1619
1615,1621
1615,1624
1615,1625
1616,1621
1616,1625
1617,1619
1618,1619
1618,1624
1619,1624
1620,1625
1620,1627
1620,1631
1621,1622
1621,1623
1621,1624
1621,1626
1622,1623
1622,1624
1622,1803
1622,1810
1622,1818
1623,1626
1623,1633
1623,1818
1623,1827
1624,1810
1624,1815
1625,1631
1626,1629
1626,1631
1626,1633
1626,1638
1627,1631
1628,1634
1628,1830
1628,1843
1628,1847
1629,1631
1629,1632
1629,1637
1629,1638
1630,1632
1630,1634
1630,1635
1630,1636
1630,1637
1630,1824
1632,1635
1632,1637
1632,1638
1633,1635
1633,1638
1633,1826
1633,1827
1634,1637
1634,1824
1634,1830
1635,1636
1635,1638
1635,1826
1635,1827
1636,1824
1636,1826
1639,1640
1639,1641
1639,1643
1639,1644
1639,1645
1639,1661
1640,1645
1640,1657
1640,1658
1640,1661
1640,1750
1640,1752
1641,1643
1641,1645
1641,1673
1641,1675
1641,1749
1642,1643
1642,1644
1642,1653
1643,1644
1643,1647
1643,1653
1643,1675
1644,1659
1644,1661
1645,1749
1645,1750
1646,1648
1646,1651
1646,1654
1647,1648
1647,1649
1647,1650
1647,1653
1647,1675
1648,1649
1648,1650
1648,1651
1649,1651
1649,1652
1649,1656
1649,1673
1649,1675
1651,1654
1651,1655
1651,1656
1651,1690
1652,1656
1652,1671
1652,1672
1652,1673
1652,1688
1652,1689
1652,1690
1654,1655
1655,1690
1655,1693
1656,1690
1657,1658
1657,1660
1657,1661
1658,1726
1658,1727
1658,1752
1659,1660
1659,1661
1660,1661
1662,1663
1662,1664
1662,1665
1662,1666
1662,1669
1663,1664
1663,1668
1663,1669
1663,1679
1664,1666
1664,1668
1665,1666
1666,1667
1666,1668
1666,1670
1667,1670
1668,1670
1668,1677
1668,1679
1669,1679
1670,1677
1670,1680
1671,1672
1671,1674
1671,1689
1671,1717
1671,1719
1672,1673
1672,1676
1672,1719
1673,1675
1673,1676
1673,1749
1674,1689
1674,1716
1674,1717
1676,1687
1676,1719
1676,1749
1676,1752
1676,1753
1677,1678
1677,1679
1677,1680
1677,1684
1678,1679
1678,1683
1678,1684
1678,1685
1678,1686
1678,1748
1679,1686
1680,1684
1680,1716
1681,1682
1681,1685
1681,1718
1681,1748
1682,1702
1682,1718
1682,1720
1682,1748
1683,1686
1683,1746
1683,1747
1683,1748
1684,1685
1684,1716
1684,1717
1684,1718
1685,1718
1685,1748
1687,1719
1687,1720
1687,1751
1687,1753
1688,1689
1688,1690
1688,1692
1688,1693
1689,1692
1689,1695
1689,1716
1690,1693
1691,1692
1691,1693
1691,1694
1692,1693
1692,1694
1692,1695
1694,1695
1695,1716
1696,1697
1696,1700
1696,1703
1696,1747
1697,1700
1697,1701
1697,1702
1697,1704
1697,1746
1697,1747
1698,1699
1698,1700
1698,1704
1698,1713
1698,1714
1699,1700
1699,1703
1700,1703
1700,1704
1701,1702
1701,1704
1701,1705
1701,1720
1701,1751
1702,1720
1702,1746
1702,1748
1704,1705
1704,1713
1705,1713
1705,1721
1705,1725
1705,1730
1705,1751
1706,1707
1707,1708
1707,1714
1707,1715
1707,1730
1708,1709
1708,1711
1708,1712
1708,1724
1708,1730
1709,1710
1709,1711
1709,1712
1709,1737
1709,1738
1710,1712
1710,1738
1710,1739
1710,1745
1712,1723
1712,1724
1712,1739
1713,1714
1713,1715
1713,1730
1714,1715
1715,1730
1716,1717
1717,1718
1717,1719
1718,1719
1718,1720
1719,1720
1720,1751
1721,1722
1721,1723
1721,1724
1721,1725
1721,1729
1721,1730
1722,1725
1722,1726
1722,1727
1722,1728
1722,1729
1723,1724
1723,1729
1723,1739
1724,1730
1725,1726
1725,1751
1725,1753
1726,1727
1726,1752
1726,1753
1727,1728
1727,1729
1728,1729
1731,1733
1731,1734
1732,1734
1732,1737
1732,1741
1733,1734
1734,1741
1736,1741
1736,1742
1736,1743
1736,1744
1737,1738
1737,1741
1737,1743
1738,1743
1738,1745
1739,1745
1740,1742
1740,1743
1740,1745
1741,1743
1741,1744
1742,1743
1743,1745
1746,1747
1746,1748
1749,1750
1749,1752
1750,1752
1751,1753
1752,1753
1754,1757
1754,1761
1754,1763
1756,1758
1756,1759
1756,1760
1756,1765
1757,1759
1757,1762
1757,1763
1758,1762
1758,1765
1758,2348
1758,2350
1759,1760
1759,1761
1759,1762
1759,1763
1759,1765
1760,1761
1761,1763
1762,1765
1762,2348
1766,1767
1766,1768
1766,1770
1766,1771
1766,1774
1766,1776
1766,1777
1767,1768
1767,1777
1767,1786
1767,1788
1768,1771
1768,1788
1769,1770
1769,1771
1769,1775
1769,1776
1769,1801
1770,1771
1770,1776
1772,1773
1772,1774
1772,1775
1772,1776
1772,1794
1773,1774
1773,1792
1773,1793
1773,1794
1773,1802
1773,1806
1773,1809
1774,1776
1774,1777
1774,1802
1775,1776
1775,1794
1775,1795
1775,1800
1775,1801
1777,1786
1777,1789
1777,1802
1778,1779
1778,1784
1778,1785
1778,1832
1779,1781
1779,1784
1779,1832
1780,1781
1780,1782
1780,1784
1781,1782
1781,1784
1781,1832
1781,1836
1781,1846
1782,1846
1783,1784
1785,1832
1785,1834
1785,1837
1786,1787
1786,1788
1786,1789
1787,1788
1787,1789
1787,1790
1789,1790
1789,1802
1789,1805
1789,1817
1789,1861
1789,1871
1790,1871
1791,1796
1791,1798
1791,1799
1791,1800
1791,1801
1792,1793
1792,1794
1792,1820
1792,1829
1793,1804
1793,1809
1793,1822
1793,1829
1794,1795
1794,1820
1794,1828
1795,1797
1795,1800
1795,1821
1795,1828
1795,1840
1796,1798
1796,1799
1796,1841
1796,1842
1796,1857
1796,1858
1796,1859
1797,1799
1797,1800
1797,1840
1798,1857
1799,1800
1799,1840
1799,1841
1800,1801
1802,1805
1802,1806
1803,1810
1803,1812
1803,1816
1803,1818
1804,1807
1804,1809
1804,1812
1804,1816
1804,1822
1805,1806
1805,1811
1805,1814
1805,1817
1806,1807
1806,1809
1806,1811
1807,1809
1807,1811
1807,1812
1808,1813
1808,1814
1808,1861
1808,1867
1808,1869
1810,1811
1810,1812
1810,1815
1811,1812
1811,1814
1811,1815
1812,1816
1813,1814
1813,1817
1813,1861
1814,1815
1814,1817
1814,1869
1815,1860
1815,1862
1815,1869
1816,1818
1816,1822
1816,1827
1817,1861
1818,1827
1819,1823
1819,1824
1819,1825
1819,1828
1819,1830
1819,1839
1820,1825
1820,1828
1820,1829
1820,1831
1821,1828
1821,1838
1821,1839
1821,1840
1822,1827
1822,1829
1822,1831
1823,1830
1823,1839
1823,1848
1823,1849
1824,1825
1824,1826
1824,1830
1825,1826
1825,1828
1825,1831
1826,1827
1826,1831
1827,1831
1828,1839
1829,1831
1830,1843
1830,1849
1832,1834
1832,1836
1833,1834
1833,1835
1833,1837
1833,1851
1833,1852
1834,1835
1834,1836
1834,1837
1834,1844
1835,1844
1835,1850
1835,1852
1835,1856
1836,1844
1836,1846
1838,1839
1838,1840
1838,1841
1838,1842
1838,1848
1839,1848
1840,1841
1841,1842
1842,1845
1842,1848
1842,1855
1842,1859
1843,1847
1843,1849
1844,1846
1844,1853
1844,1856
1845,1853
1845,1855
1845,1856
1845,1859
1846,1853
1847,1849
1847,1851
1847,1854
1848,1849
1848,1850
1848,1855
1849,1850
1849,1854
1850,1852
1850,1854
1850,1855
1850,1856
1851,1852
1851,1854
1852,1854
1853,1856
1853,1859
1855,1856
1857,1858
1857,1859
1858,1859
1860,1862
1860,1866
1861,1867
1861,1871
1862,1866
1862,1867
1862,1869
1862,1872
1863,1866
1863,1870
1863,1872
1864,1865
1864,1868
1864,1872
1865,1870
1865,1872
1866,1872
1867,1868
1867,1869
1867,1871
1867,1872
1868,1871
1868,1872
1870,1872
1873,1874
1873,1875
1873,1876
1873,1925
1873,1980
1873,1986
1874,1876
1874,1925
1874,1930
1875,1876
1875,1890
1875,1894
1875,1895
1875,1896
1875,1986
1875,1987
1876,1895
1877,1878
1877,1881
1877,1883
1877,1886
1877,1887
1877,1888
1877,1898
1877,2035
1879,1880
1879,1886
1879,1887
1879,1889
1879,1995
1879,2003
1880,1885
1880,1889
1880,2003
1880,2015
1881,1898
1881,1901
1881,2035
1881,2036
1882,1883
1882,1888
1882,1898
1882,1900
1882,1995
1882,2000
1882,2003
1883,1887
1883,1888
1883,1995
1884,1885
1884,1965
1884,1968
1884,1969
1884,2016
1885,1889
1885,1968
1885,1969
1885,2015
1885,2016
1885,2019
1886,1887
1886,1889
1886,1969
1886,1971
1886,2035
1887,1995
1888,1898
1889,1969
1890,1891
1890,1892
1890,1893
1890,1894
1890,1896
1891,1896
1892,1894
1892,1920
1892,1922
1893,1896
1894,1920
1894,1984
1894,1987
1895,1896
1897,1898
1897,1899
1897,1900
1897,1901
1897,1972
1897,1975
1898,1899
1898,1900
1898,1901
1899,1900
1899,1972
1899,2000
1900,2000
1901,1975
1901,1977
1901,2010
1901,2036
1902,1903
1902,1904
1902,1909
1902,1912
1902,1918
1902,2140
1902,2141
1903,1905
1903,1912
1903,1917
1903,2140
1903,2143
1903,2224
1904,1909
1904,1916
1904,2141
1905,1917
1905,2224
1905,2226
1906,1908
1906,1911
1906,1998
1906,2004
1907,1912
1907,1917
1907,1951
1907,2226
1908,1911
1908,1914
1908,1918
1908,1919
1908,1998
1908,2005
1909,1914
1909,1915
1909,1916
1909,1918
1910,1911
1910,1950
1910,1951
1910,2017
1911,1913
1911,1919
1911,1951
1911,2004
1911,2013
1911,2017
1911,2018
1912,1917
1912,1918
1912,1919
1912,1951
1913,2014
1913,2017
1913,2018
1913,2020
1914,1915
1914,1918
1914,2005
1915,2005
1916,2141
1917,2226
1918,1919
1919,1951
1920,1921
1920,1922
1920,1924
1920,1984
1921,1922
1921,1924
1923,1924
1923,1983
1923,2010
1924,1983
1924,1984
1925,1927
1925,1930
1925,1931
1925,1980
1926,1928
1926,1929
1926,1930
1927,1929
1927,1931
1927,1974
1927,1979
1927,1980
1927,1981
1928,1929
1928,1974
1928,1976
1929,1930
1929,1931
1929,1974
1930,1931
1932,1933
1932,1935
1932,1936
1932,1937
1932,1939
1932,1944
1932,1949
1933,1934
1933,1935
1933,1939
1933,1940
1933,1966
1934,1940
1934,1965
1934,1966
1934,1968
1934,1970
1935,1944
1935,1966
1935,2014
1936,1937
1936,1948
1936,1949
1936,2027
1937,1938
1937,1939
1937,2027
1937,2030
1938,1939
1938,1941
1938,1967
1938,2030
1938,2032
1939,1940
1939,1941
1940,1941
1940,1967
1940,1970
1941,1967
1942,1947
1942,1952
1942,1953
1942,1958
1942,2325
1943,1946
1943,1952
1943,1953
1943,1954
1943,1956
1943,2008
1944,1949
1944,1957
1944,2014
1944,2017
1945,1946
1945,1952
1945,2259
1945,2264
1945,2296
1945,2325
1946,1952
1946,2007
1946,2008
1946,2009
1946,2220
1946,2222
1946,2223
1946,2264
1947,1948
1947,1958
1947,2325
1947,2331
1947,2332
1948,1949
1948,1958
1948,2027
1948,2327
1948,2331
1949,1957
1949,1958
1950,1951
1950,1954
1950,1955
1950,1956
1950,1957
1950,2017
1951,1956
1951,2226
1951,2270
1951,2271
1952,1953
1952,2325
1953,1954
1953,1958
1954,1955
1954,1956
1954,1958
1955,1957
1955,1958
1956,2008
1956,2009
1956,2271
1957,1958
1957,2017
1959,1964
1960,1961
1960,1963
1960,1964
1961,1962
1961,1963
1961,1988
1961,2024
1961,2031
1962,1963
1963,1964
1963,2024
1963,2028
1964,2028
1964,2328
1964,2333
1965,1966
1965,1968
1965,2016
1966,2014
1966,2016
1966,2019
1966,2020
1967,1970
1967,1971
1967,2032
1968,1969
1968,1970
1968,1971
1969,1971
1970,1971
1971,1989
1971,1992
1971,2032
1971,2035
1971,2037
1972,1973
1972,1974
1972,1975
1972,2000
1973,1974
1973,1976
1973,2000
1973,2002
1974,1975
1974,1976
1974,1979
1975,1977
1975,1979
1976,2001
1976,2002
1977,1978
1977,1979
1977,2010
1977,2011
1978,1979
1978,1981
1978,1985
1978,2011
1979,1981
1980,1981
1980,1986
1981,1983
1981,1984
1981,1985
1981,1986
1982,1983
1983,1984
1983,1985
1983,2010
1984,1986
1984,1987
1985,2010
1985,2011
1986,1987
1988,1990
1988,2031
1989,1990
1989,1992
1989,2034
1989,2037
1990,1991
1990,1992
1990,2031
1990,2033
1990,2034
1992,2032
1992,2033
1993,1994
1993,1997
1993,2005
1993,2006
1994,1997
1994,1998
1994,1999
1994,2004
1994,2005
1995,2003
1996,1997
1996,1999
1996,2000
1996,2002
1997,1999
1997,2002
1997,2006
1998,2004
1998,2005
1999,2000
1999,2003
1999,2004
2000,2002
2000,2003
2001,2002
2001,2006
2002,2006
2003,2004
2003,2013
2003,2015
2004,2013
2007,2009
2007,2222
2007,2269
2008,2009
2009,2269
2009,2271
2010,2011
2010,2012
2010,2036
2012,2034
2012,2036
2013,2015
2013,2018
2014,2017
2014,2020
2015,2018
2015,2019
2016,2019
2018,2019
2018,2020
2019,2020
2021,2022
2021,2023
2021,2024
2021,2026
2021,2028
2021,2029
2022,2023
2022,2025
2022,2029
2022,2030
2022,2329
2023,2025
2023,2028
2023,2328
2024,2026
2024,2028
2024,2031
2025,2328
2025,2329
2025,2330
2026,2029
2026,2031
2027,2030
2027,2326
2027,2327
2028,2328
2029,2030
2029,2031
2030,2031
2030,2032
2030,2033
2030,2326
2030,2329
2031,2033
2032,2033
2034,2036
2034,2037
2035,2036
2035,2037
2036,2037
2038,2044
2038,2045
2038,2048
2039,2041
2039,2045
2039,2047
2039,2048
2039,2049
2040,2041
2040,2043
2040,2046
2040,2047
2040,2049
2041,2045
2041,2046
2041,2047
2042,2045
2042,2046
2043,2049
2045,2046
2045,2048
2047,2049
2048,2049
2050,2051
2050,2053
2050,2055
2050,2056
2050,2057
2050,2058
2050,2116
2050,2120
2051,2053
2051,2103
2051,2116
2051,2118
2052,2054
2052,2056
2052,2057
2052,2072
2052,2096
2052,2100
2053,2058
2053,2103
2053,2122
2054,2055
2054,2056
2054,2072
2054,2075
2054,2079
2055,2056
2055,2076
2055,2079
2055,2117
2055,2120
2055,2121
2056,2057
2057,2058
2057,2100
2058,2122
2059,2060
2059,2061
2059,2064
2060,2063
2060,2064
2061,2062
2061,2064
2061,2080
2061,2081
2061,2083
2061,2085
2061,2128
2062,2065
2062,2081
2062,2083
2062,2087
2063,2064
2064,2128
2065,2087
2066,2067
2067,2072
2067,2080
2067,2081
2067,2083
2067,2085
2067,2135
2067,2136
2068,2069
2068,2070
2068,2092
2068,2099
2068,2131
2069,2094
2069,2099
2069,2131
2069,2132
2070,2092
2071,2072
2071,2073
2071,2074
2071,2078
2071,2079
2072,2073
2072,2074
2072,2075
2072,2078
2072,2080
2072,2082
2072,2084
2072,2091
2072,2094
2072,2096
2072,2097
2072,2129
2072,2132
2072,2135
2073,2078
2073,2079
2073,2135
2074,2075
2074,2078
2074,2079
2075,2079
2076,2077
2076,2079
2076,2117
2076,2162
2076,2163
2077,2079
2077,2089
2077,2134
2077,2136
2077,2162
2077,2163
2079,2134
2079,2135
2079,2136
2080,2082
2080,2085
2080,2128
2081,2083
2081,2085
2082,2084
2082,2128
2083,2087
2083,2136
2084,2126
2084,2128
2084,2129
2086,2087
2086,2088
2086,2089
2086,2134
2087,2134
2087,2136
2088,2089
2088,2090
2089,2090
2089,2134
2091,2094
2091,2095
2091,2096
2091,2097
2091,2099
2092,2095
2092,2099
2093,2101
2093,2102
2093,2129
2093,2132
2094,2097
2094,2099
2094,2132
2095,2096
2095,2098
2095,2099
2095,2100
2096,2100
2098,2099
2101,2129
2101,2132
2102,2128
2102,2129
2102,2131
2102,2132
2103,2104
2103,2106
2103,2113
2103,2114
2103,2118
2103,2119
2103,2122
2103,2124
2104,2108
2104,2109
2104,2113
2104,2124
2105,2108
2105,2109
2106,2111
2106,2114
2106,2119
2107,2111
2107,2114
2108,2109
2108,2123
2108,2124
2108,2125
2109,2112
2109,2113
2109,2123
2110,2111
2110,2114
2110,2123
2111,2114
2111,2119
2112,2113
2112,2114
2112,2123
2113,2114
2114,2123
2115,2116
2115,2118
2115,2119
2115,2120
2115,2171
2116,2118
2116,2120
2117,2121
2117,2162
2117,2169
2118,2119
2120,2121
2120,2171
2121,2169
2121,2171
2122,2124
2123,2125
2124,2125
2126,2129
2127,2128
2127,2130
2127,2131
2127,2133
2128,2129
2128,2131
2129,2132
2130,2131
2130,2133
2131,2132
2131,2133
2134,2136
2135,2136
2137,2139
2137,2142
2137,2158
2137,2159
2137,2164
2137,2173
2138,2142
2138,2144
2138,2145
2138,2146
2138,2147
2138,2173
2139,2142
2139,2145
2139,2157
2139,2164
2140,2141
2140,2143
2140,2146
2141,2144
2141,2146
2142,2145
2142,2173
2143,2146
2143,2147
2143,2224
2144,2145
2144,2146
2146,2147
2147,2173
2147,2178
2147,2224
2148,2151
2148,2152
2148,2153
2148,2190
2149,2150
2149,2151
2149,2154
2149,2155
2149,2159
2149,2160
2149,2163
2150,2151
2150,2152
2150,2155
2150,2181
2151,2152
2151,2153
2151,2159
2152,2181
2152,2190
2153,2159
2153,2174
2153,2185
2153,2189
2153,2190
2154,2155
2154,2163
2154,2186
2154,2198
2154,2201
2155,2181
2155,2186
2155,2201
2156,2160
2156,2161
2156,2163
2157,2158
2157,2161
2157,2164
2158,2159
2158,2160
2158,2161
2158,2164
2159,2160
2159,2173
2159,2174
2160,2161
2160,2163
2162,2163
2162,2165
2162,2167
2162,2169
2162,2199
2162,2206
2163,2165
2163,2198
2165,2198
2165,2206
2166,2168
2166,2170
2166,2172
2166,2208
2167,2169
2167,2199
2167,2203
2167,2208
2168,2169
2168,2170
2168,2171
2168,2208
2169,2171
2169,2208
2170,2171
2170,2172
2173,2174
2173,2175
2173,2177
2173,2178
2174,2175
2174,2176
2174,2177
2174,2182
2174,2189
2175,2176
2175,2177
2175,2178
2176,2182
2176,2183
2178,2224
2178,2282
2179,2180
2179,2183
2179,2184
2179,2185
2179,2186
2179,2187
2179,2190
2180,2183
2180,2184
2181,2186
2181,2190
2182,2183
2182,2188
2182,2189
2183,2185
2183,2188
2184,2186
2185,2187
2185,2188
2185,2189
2185,2190
2186,2190
2186,2194
2186,2196
2186,2201
2187,2190
2188,2189
2191,2193
2191,2194
2191,2196
2191,2202
2191,2204
2191,2207
2192,2193
2192,2202
2192,2205
2193,2202
2193,2207
2194,2196
2194,2201
2194,2204
2195,2200
2195,2203
2196,2207
2197,2199
2197,2202
2197,2205
2197,2206
2198,2201
2198,2204
2198,2206
2199,2200
2199,2203
2199,2205
2199,2206
2200,2203
2200,2205
2201,2204
2202,2204
2202,2205
2202,2206
2203,2208
2204,2206
2209,2210
2209,2211
2209,2212
2209,2213
2209,2237
2209,2238
2209,2284
2210,2212
2210,2234
2210,2236
2210,2237
2210,2274
2210,2278
2211,2212
2211,2213
2211,2239
2211,2241
2211,2278
2211,2280
2212,2278
2213,2239
2213,2241
2213,2243
2213,2284
2214,2216
2214,2217
2214,2218
2214,2219
2214,2286
2215,2217
2215,2221
2215,2222
2215,2223
2215,2227
2215,2235
2215,2269
2215,2272
2216,2217
2216,2219
2216,2220
2216,2257
2216,2260
2216,2266
2216,2320
2217,2218
2217,2220
2217,2221
2217,2223
2218,2221
2218,2232
2218,2235
2218,2286
2219,2286
2219,2294
2219,2315
2219,2319
2219,2320
2220,2223
2220,2260
2220,2264
2221,2235
2222,2223
2222,2269
2224,2225
2224,2226
2224,2282
2225,2226
2225,2270
2225,2281
2225,2282
2225,2283
2226,2270
2227,2228
2227,2229
2227,2230
2227,2235
2227,2272
2228,2229
2228,2232
2228,2234
2228,2235
2228,2236
2229,2230
2229,2231
2229,2236
2229,2238
2230,2231
2230,2270
2230,2272
2231,2238
2231,2270
2231,2283
2232,2233
2232,2234
2232,2235
2232,2286
2233,2234
2233,2274
2233,2279
2233,2286
2234,2236
2234,2237
2234,2274
2236,2237
2236,2238
2237,2238
2238,2283
2238,2284
2239,2240
2239,2241
2239,2243
2240,2241
2240,2242
2240,2243
2241,2242
2244,2245
2244,2247
2244,2248
2244,2249
2244,2252
2244,2254
2244,2256
2245,2248
2245,2254
2245,2305
2246,2247
2246,2250
2246,2255
2246,2256
2246,2290
2246,2321
2247,2249
2247,2253
2247,2255
2247,2256
2247,2316
2247,2318
2248,2250
2248,2256
2249,2252
2249,2253
2249,2307
2249,2310
2250,2256
2250,2285
2250,2290
2251,2253
2251,2263
2251,2297
2251,2300
2251,2307
2252,2254
2252,2308
2252,2310
2253,2263
2253,2268
2253,2307
2253,2316
2254,2305
2254,2308
2255,2256
2255,2315
2255,2318
2255,2319
2255,2321
2257,2258
2257,2261
2257,2266
2257,2320
2258,2261
2258,2262
2258,2266
2258,2268
2258,2314
2259,2264
2259,2267
2259,2296
2260,2264
2260,2265
2260,2266
2260,2267
2261,2314
2261,2315
2261,2317
2261,2320
2261,2322
2262,2265
2262,2266
2262,2268
2263,2268
2263,2297
2264,2267
2265,2266
2265,2267
2265,2268
2265,2299
2267,2296
2267,2299
2267,2302
2268,2297
2268,2299
2268,2314
2268,2316
2269,2271
2269,2272
2270,2271
2270,2272
2270,2283
2271,2272
2273,2275
2273,2277
2273,2288
2274,2278
2274,2279
2275,2276
2275,2277
2275,2278
2275,2279
2275,2280
2276,2277
2276,2279
2276,2286
2276,2287
2276,2294
2277,2287
2277,2288
2278,2279
2278,2280
2279,2286
2281,2282
2281,2283
2281,2284
2283,2284
2285,2290
2285,2291
2285,2292
2285,2311
2285,2313
2286,2294
2287,2288
2287,2291
2287,2292
2287,2294
2288,2289
2288,2292
2288,2293
2288,2312
2289,2293
2290,2291
2290,2294
2290,2319
2290,2321
2291,2292
2291,2294
2292,2311
2292,2312
2294,2319
2295,2298
2295,2301
2295,2302
2296,2301
2296,2302
2296,2324
2296,2325
2297,2298
2297,2299
2297,2300
2297,2302
2298,2300
2298,2302
2299,2302
2300,2304
2300,2307
2301,2302
2303,2304
2303,2306
2304,2306
2304,2307
2304,2309
2304,2310
2305,2306
2305,2308
2305,2309
2306,2309
2307,2310
2308,2309
2308,2310
2309,2310
2311,2312
2311,2313
2314,2316
2314,2317
2315,2318
2315,2319
2315,2320
2315,2322
2316,2317
2316,2318
2317,2318
2317,2322
2318,2322
2319,2321
2323,2329
2323,2330
2323,2331
2323,2332
2324,2325
2324,2332
2325,2332
2326,2327
2326,2329
2327,2329
2327,2331
2328,2330
2328,2333
2329,2330
2329,2331
2330,2332
2330,2333
2331,2332
2334,2337
2334,2338
2334,2339
2334,2379
2334,2381
2334,2384
2335,2336
2335,2338
2335,2339
2335,2340
2335,2341
2335,2390
2336,2340
2336,2341
2337,2339
2337,2356
2337,2358
2337,2382
2337,2384
2338,2339
2338,2341
2338,2342
2339,2358
2339,2390
2340,2341
2340,2346
2340,2385
2340,2386
2340,2390
2341,2342
2341,2344
2341,2346
2341,2351
2342,2343
2342,2344
2342,2345
2343,2345
2344,2345
2344,2351
2345,2351
2346,2347
2346,2351
2346,2352
2347,2350
2347,2352
2348,2349
2348,2350
2348,2352
2349,2352
2350,2352
2351,2352
2353,2357
2353,2360
2353,2361
2353,2388
2353,2389
2353,2390
2354,2355
2354,2356
2355,2356
2355,2359
2355,2360
2355,2361
2355,2369
2355,2382
2356,2358
2356,2360
2356,2382
2357,2361
2357,2363
2357,2389
2357,2394
2357,2396
2358,2360
2358,2390
2359,2360
2359,2361
2359,2363
2359,2364
2359,2368
2359,2369
2360,2361
2360,2390
2361,2363
2362,2364
2362,2365
2362,2366
2362,2367
2362,2370
2362,2402
2362,2403
2363,2364
2363,2366
2363,2396
2363,2405
2364,2366
2364,2368
2364,2370
2365,2367
2365,2368
2365,2369
2365,2370
2366,2399
2366,2401
2366,2403
2366,2405
2368,2369
2368,2370
2369,2380
2369,2382
2369,2384
2371,2373
2371,2377
2371,2378
2372,2374
2372,2376
2372,2377
2372,2388
2372,2389
2373,2376
2373,2377
2373,2378
2374,2375
2374,2389
2374,2393
2374,2394
2376,2377
2376,2378
2377,2385
2377,2388
2379,2380
2379,2381
2379,2384
2380,2384
2382,2384
2383,2384
2385,2386
2385,2388
2386,2387
2386,2388
2386,2390
2388,2389
2388,2390
2389,2394
2391,2392
2391,2395
2391,2396
2391,2405
2391,2406
2392,2393
2392,2394
2392,2396
2393,2394
2394,2396
2395,2397
2395,2406
2396,2405
2398,2400
2398,2402
2398,2403
2399,2401
2399,2404
2399,2405
2400,2401
2400,2403
2401,2403
2402,2403
2404,2405
2405,2406
2408,2409
